"timestamp","source","destination","not.found","skipped","accepted","total","result","count"
"2024-10-21 20:14:35","gpit it","gpch it_CH","40","1057","0","3890","0","3890"
"2024-10-21 20:12:41","gpfr fr","gpch fr_CH","38","1049","0","4065","0","4065"
"2024-10-21 20:10:46","gpde de","gpch de_CH","52","1901","0","4065","0","4065"
"2024-10-21 20:08:51","open-social fr","gpch fr_CH","63","3997","0","4065","0","4065"
"2024-10-21 20:06:57","open-social de","gpch de_CH","69","3997","0","4066","0","4066"
"2024-10-14 20:14:25","gpit it","gpch it_CH","40","1057","0","3890","0","3890"
"2024-10-14 20:12:31","gpfr fr","gpch fr_CH","38","1049","0","4065","0","4065"
"2024-10-14 20:10:35","gpde de","gpch de_CH","52","1901","0","4065","0","4065"
"2024-10-14 20:08:42","open-social fr","gpch fr_CH","63","3997","0","4065","0","4065"
"2024-10-14 20:06:51","open-social de","gpch de_CH","69","3997","0","4066","0","4066"
"2024-10-07 20:14:25","gpit it","gpch it_CH","40","1057","0","3890","0","3890"
"2024-10-07 20:12:34","gpfr fr","gpch fr_CH","38","1049","0","4065","0","4065"
"2024-10-07 20:10:42","gpde de","gpch de_CH","52","1901","0","4065","0","4065"
"2024-10-07 20:08:49","open-social fr","gpch fr_CH","63","3997","0","4065","0","4065"
"2024-10-07 20:06:58","open-social de","gpch de_CH","69","3997","0","4066","0","4066"
"2024-09-30 20:15:02","gpit it","gpch it_CH","40","1057","0","3890","0","3890"
"2024-09-30 20:13:09","gpfr fr","gpch fr_CH","38","1049","0","4065","0","4065"
"2024-09-30 20:11:16","gpde de","gpch de_CH","52","1901","0","4065","0","4065"
"2024-09-30 20:09:25","open-social fr","gpch fr_CH","63","3997","0","4065","0","4065"
"2024-09-30 20:07:33","open-social de","gpch de_CH","69","3997","0","4066","0","4066"
"2024-09-23 20:14:25","gpit it","gpch it_CH","40","1057","0","3890","0","3890"
"2024-09-23 20:12:35","gpfr fr","gpch fr_CH","38","1049","0","4065","0","4065"
"2024-09-23 20:10:42","gpde de","gpch de_CH","52","1901","0","4065","0","4065"
"2024-09-23 20:08:51","open-social fr","gpch fr_CH","63","3997","0","4065","0","4065"
"2024-09-23 20:07:02","open-social de","gpch de_CH","69","3997","0","4066","0","4066"
"2024-09-16 20:14:38","gpit it","gpch it_CH","40","1057","0","3890","0","3890"
"2024-09-16 20:12:47","gpfr fr","gpch fr_CH","38","1049","0","4065","0","4065"
"2024-09-16 20:10:57","gpde de","gpch de_CH","52","1901","0","4065","0","4065"
"2024-09-16 20:09:10","open-social fr","gpch fr_CH","63","3995","2","4065","1","4065"
"2024-09-16 20:07:15","open-social de","gpch de_CH","69","3995","2","4066","1","4066"
"2024-09-09 20:14:59","gpit it","gpch it_CH","40","1057","0","3888","0","3888"
"2024-09-09 20:12:54","gpfr fr","gpch fr_CH","38","1049","0","4063","0","4063"
"2024-09-09 20:10:50","gpde de","gpch de_CH","52","1901","0","4063","0","4063"
"2024-09-09 20:08:45","open-social fr","gpch fr_CH","63","3995","0","4063","0","4063"
"2024-09-09 20:06:43","open-social de","gpch de_CH","69","3995","0","4064","0","4064"
"2024-09-02 20:14:45","gpit it","gpch it_CH","40","1057","0","3888","0","3888"
"2024-09-02 20:12:41","gpfr fr","gpch fr_CH","38","1049","0","4063","0","4063"
"2024-09-02 20:10:35","gpde de","gpch de_CH","52","1901","0","4063","0","4063"
"2024-09-02 20:08:29","open-social fr","gpch fr_CH","63","3992","3","4063","1","4063"
"2024-09-02 20:06:26","open-social de","gpch de_CH","69","3992","3","4064","1","4064"
"2024-08-26 20:15:45","gpit it","gpch it_CH","40","1057","0","3881","0","3881"
"2024-08-26 20:13:44","gpfr fr","gpch fr_CH","38","1049","0","4056","0","4056"
"2024-08-26 20:11:40","gpde de","gpch de_CH","52","1901","0","4056","0","4056"
"2024-08-26 20:09:37","open-social fr","gpch fr_CH","63","3988","0","4056","0","4056"
"2024-08-26 20:07:36","open-social de","gpch de_CH","69","3988","0","4057","0","4057"
"2024-08-19 20:15:15","gpit it","gpch it_CH","40","1057","0","3881","0","3881"
"2024-08-19 20:13:11","gpfr fr","gpch fr_CH","38","1049","0","4056","0","4056"
"2024-08-19 20:11:06","gpde de","gpch de_CH","52","1901","0","4056","0","4056"
"2024-08-19 20:09:02","open-social fr","gpch fr_CH","63","3983","5","4056","1","4056"
"2024-08-19 20:07:00","open-social de","gpch de_CH","69","3983","5","4057","1","4057"
"2024-08-12 20:16:17","gpit it","gpch it_CH","40","1059","0","3882","0","3882"
"2024-08-12 20:14:09","gpfr fr","gpch fr_CH","38","1049","0","4057","0","4057"
"2024-08-12 20:11:55","gpde de","gpch de_CH","52","1901","0","4057","0","4057"
"2024-08-12 20:09:41","open-social fr","gpch fr_CH","63","3989","0","4057","0","4057"
"2024-08-12 20:07:25","open-social de","gpch de_CH","69","3989","0","4058","0","4058"
"2024-08-05 20:15:38","gpit it","gpch it_CH","40","1059","0","3882","0","3882"
"2024-08-05 20:13:34","gpfr fr","gpch fr_CH","38","1049","0","4057","0","4057"
"2024-08-05 20:11:30","gpde de","gpch de_CH","52","1901","0","4057","0","4057"
"2024-08-05 20:09:29","open-social fr","gpch fr_CH","63","3985","4","4057","1","4057"
"2024-08-05 20:07:26","open-social de","gpch de_CH","69","3985","4","4058","1","4058"
"2024-07-29 20:15:31","gpit it","gpch it_CH","40","1059","0","3878","0","3878"
"2024-07-29 20:13:24","gpfr fr","gpch fr_CH","38","1049","0","4053","0","4053"
"2024-07-29 20:11:18","gpde de","gpch de_CH","52","1901","0","4053","0","4053"
"2024-07-29 20:09:13","open-social fr","gpch fr_CH","63","3983","2","4053","1","4053"
"2024-07-29 20:07:09","open-social de","gpch de_CH","69","3983","2","4054","1","4054"
"2024-07-22 20:15:42","gpit it","gpch it_CH","40","1059","0","3876","0","3876"
"2024-07-22 20:13:36","gpfr fr","gpch fr_CH","38","1049","0","4051","0","4051"
"2024-07-22 20:11:30","gpde de","gpch de_CH","52","1901","0","4051","0","4051"
"2024-07-22 20:09:28","open-social fr","gpch fr_CH","63","3972","11","4051","1","4051"
"2024-07-22 20:07:22","open-social de","gpch de_CH","69","3972","11","4052","1","4052"
"2024-07-15 20:15:39","gpit it","gpch it_CH","40","1059","0","3864","0","3864"
"2024-07-15 20:13:33","gpfr fr","gpch fr_CH","38","1049","0","4039","0","4039"
"2024-07-15 20:11:25","gpde de","gpch de_CH","52","1901","0","4039","0","4039"
"2024-07-15 20:09:18","open-social fr","gpch fr_CH","63","3972","0","4039","0","4039"
"2024-07-15 20:07:12","open-social de","gpch de_CH","68","3972","0","4040","0","4040"
"2024-07-08 20:16:34","gpit it","gpch it_CH","40","1059","0","3864","0","3864"
"2024-07-08 20:14:26","gpfr fr","gpch fr_CH","38","1049","0","4039","0","4039"
"2024-07-08 20:12:21","gpde de","gpch de_CH","52","1901","0","4039","0","4039"
"2024-07-08 20:10:14","open-social fr","gpch fr_CH","63","3942","30","4039","1","4039"
"2024-07-08 20:08:08","open-social de","gpch de_CH","68","3942","30","4040","1","4040"
"2024-07-01 20:15:49","gpit it","gpch it_CH","40","1064","0","3843","0","3843"
"2024-07-01 20:13:44","gpfr fr","gpch fr_CH","38","1056","0","4018","0","4018"
"2024-07-01 20:11:37","gpde de","gpch de_CH","52","1909","0","4018","0","4018"
"2024-07-01 20:09:30","open-social fr","gpch fr_CH","63","3950","1","4018","1","4018"
"2024-07-01 20:07:25","open-social de","gpch de_CH","68","3950","1","4019","1","4019"
"2024-06-24 20:17:51","gpit it","gpch it_CH","40","1068","0","3869","0","3869"
"2024-06-24 20:15:20","gpfr fr","gpch fr_CH","38","1056","0","4044","0","4044"
"2024-06-24 20:12:48","gpde de","gpch de_CH","52","1914","0","4044","0","4044"
"2024-06-24 20:10:18","open-social fr","gpch fr_CH","63","3971","6","4044","1","4044"
"2024-06-24 20:07:44","open-social de","gpch de_CH","68","3971","6","4045","1","4045"
"2024-06-17 20:16:57","gpit it","gpch it_CH","40","1068","0","3869","0","3869"
"2024-06-17 20:14:33","gpfr fr","gpch fr_CH","38","1056","0","4044","0","4044"
"2024-06-17 20:12:11","gpde de","gpch de_CH","52","1914","0","4044","0","4044"
"2024-06-17 20:09:52","open-social fr","gpch fr_CH","63","3971","0","4044","0","4044"
"2024-06-17 20:07:29","open-social de","gpch de_CH","68","3971","0","4045","0","4045"
"2024-06-10 20:16:44","gpit it","gpch it_CH","40","1068","0","3868","0","3868"
"2024-06-10 20:14:26","gpfr fr","gpch fr_CH","38","1057","0","4043","0","4043"
"2024-06-10 20:12:04","gpde de","gpch de_CH","52","1915","0","4043","0","4043"
"2024-06-10 20:09:40","open-social fr","gpch fr_CH","63","3972","0","4043","0","4043"
"2024-06-10 20:07:24","open-social de","gpch de_CH","68","3972","0","4044","0","4044"
"2024-06-03 20:15:32","gpit it","gpch it_CH","40","1068","0","3868","0","3868"
"2024-06-03 20:13:28","gpfr fr","gpch fr_CH","38","1057","0","4043","0","4043"
"2024-06-03 20:11:24","gpde de","gpch de_CH","52","1915","0","4043","0","4043"
"2024-06-03 20:09:21","open-social fr","gpch fr_CH","63","3975","0","4043","0","4043"
"2024-06-03 20:07:18","open-social de","gpch de_CH","68","3975","0","4044","0","4044"
"2024-05-27 20:14:59","gpit it","gpch it_CH","40","1068","0","3868","0","3868"
"2024-05-27 20:12:55","gpfr fr","gpch fr_CH","38","1057","0","4043","0","4043"
"2024-05-27 20:10:48","gpde de","gpch de_CH","52","1915","0","4043","0","4043"
"2024-05-27 20:08:44","open-social fr","gpch fr_CH","63","3975","0","4043","0","4043"
"2024-05-27 20:06:36","open-social de","gpch de_CH","68","3975","0","4044","0","4044"
"2024-05-20 20:15:29","gpit it","gpch it_CH","40","1068","0","3867","0","3867"
"2024-05-20 20:13:24","gpfr fr","gpch fr_CH","38","1057","0","4042","0","4042"
"2024-05-20 20:11:18","gpde de","gpch de_CH","52","1915","0","4042","0","4042"
"2024-05-20 20:09:13","open-social fr","gpch fr_CH","63","3946","29","4042","1","4042"
"2024-05-20 20:07:07","open-social de","gpch de_CH","68","3946","29","4043","1","4043"
"2024-05-13 20:14:59","gpit it","gpch it_CH","40","1068","0","3867","0","3867"
"2024-05-13 20:12:54","gpfr fr","gpch fr_CH","38","1057","0","4042","0","4042"
"2024-05-13 20:10:47","gpde de","gpch de_CH","52","1915","0","4042","0","4042"
"2024-05-13 20:08:43","open-social fr","gpch fr_CH","63","3946","0","4042","0","4042"
"2024-05-13 20:06:39","open-social de","gpch de_CH","68","3946","0","4043","0","4043"
"2024-05-06 20:13:54","gpit it","gpch it_CH","40","1070","0","3862","0","3862"
"2024-05-06 20:12:09","gpfr fr","gpch fr_CH","38","1060","0","4037","0","4037"
"2024-05-06 20:10:24","gpde de","gpch de_CH","52","1918","0","4037","0","4037"
"2024-05-06 20:08:37","open-social fr","gpch fr_CH","63","3956","0","4037","0","4037"
"2024-05-06 20:06:52","open-social de","gpch de_CH","68","3956","0","4038","0","4038"
"2024-04-29 20:15:43","gpit it","gpch it_CH","40","1070","0","3862","0","3862"
"2024-04-29 20:13:31","gpfr fr","gpch fr_CH","38","1060","0","4037","0","4037"
"2024-04-29 20:11:18","gpde de","gpch de_CH","52","1918","0","4037","0","4037"
"2024-04-29 20:09:08","open-social fr","gpch fr_CH","63","3956","0","4037","0","4037"
"2024-04-29 20:07:03","open-social de","gpch de_CH","68","3956","0","4038","0","4038"
"2024-04-22 20:17:19","gpit it","gpch it_CH","40","1070","0","3850","0","3850"
"2024-04-22 20:15:01","gpfr fr","gpch fr_CH","38","1060","0","4025","0","4025"
"2024-04-22 20:12:45","gpde de","gpch de_CH","52","1918","0","4025","0","4025"
"2024-04-22 20:10:34","open-social fr","gpch fr_CH","63","3957","0","4025","0","4025"
"2024-04-22 20:08:25","open-social de","gpch de_CH","68","3957","0","4026","0","4026"
"2024-04-15 20:14:21","gpit it","gpch it_CH","40","1070","0","3849","0","3849"
"2024-04-15 20:12:49","gpfr fr","gpch fr_CH","38","1060","0","4024","0","4024"
"2024-04-15 20:11:00","gpde de","gpch de_CH","52","1918","0","4024","0","4024"
"2024-04-15 20:08:53","open-social fr","gpch fr_CH","63","3957","0","4024","0","4024"
"2024-04-15 20:07:19","open-social de","gpch de_CH","68","3957","0","4025","0","4025"
"2024-04-08 20:17:09","gpit it","gpch it_CH","40","1070","0","3849","0","3849"
"2024-04-08 20:14:57","gpfr fr","gpch fr_CH","38","1060","0","4024","0","4024"
"2024-04-08 20:12:44","gpde de","gpch de_CH","52","1918","0","4024","0","4024"
"2024-04-08 20:10:31","open-social fr","gpch fr_CH","63","3957","0","4024","0","4024"
"2024-04-08 20:08:20","open-social de","gpch de_CH","68","3957","0","4025","0","4025"
"2024-04-01 20:15:23","gpit it","gpch it_CH","40","1070","0","3849","0","3849"
"2024-04-01 20:13:32","gpfr fr","gpch fr_CH","38","1060","0","4024","0","4024"
"2024-04-01 20:11:37","gpde de","gpch de_CH","52","1918","0","4024","0","4024"
"2024-04-01 20:09:40","open-social fr","gpch fr_CH","63","3950","7","4024","1","4024"
"2024-04-01 20:07:43","open-social de","gpch de_CH","68","3950","7","4025","1","4025"
"2024-03-25 20:13:13","gpit it","gpch it_CH","40","1072","0","3846","0","3846"
"2024-03-25 20:11:43","gpfr fr","gpch fr_CH","38","1062","0","4021","0","4021"
"2024-03-25 20:10:11","gpde de","gpch de_CH","52","1920","0","4021","0","4021"
"2024-03-25 20:08:38","open-social fr","gpch fr_CH","63","3907","45","4021","1","4021"
"2024-03-25 20:07:05","open-social de","gpch de_CH","67","3905","47","4022","1","4022"
"2024-03-18 20:15:30","gpit it","gpch it_CH","40","1072","0","3843","0","3843"
"2024-03-18 20:13:37","gpfr fr","gpch fr_CH","38","1060","2","4018","1","4018"
"2024-03-18 20:11:45","gpde de","gpch de_CH","67","1920","0","4041","0","4041"
"2024-03-18 20:09:56","open-social fr","gpch fr_CH","62","3905","0","4018","0","4018"
"2024-03-18 20:08:07","open-social de","gpch de_CH","66","3905","0","4019","0","4019"
"2024-03-11 20:12:59","gpit it","gpch it_CH","40","1080","0","3859","0","3859"
"2024-03-11 20:11:26","gpfr fr","gpch fr_CH","38","1064","0","4034","0","4034"
"2024-03-11 20:09:54","gpde de","gpch de_CH","52","1932","0","4034","0","4034"
"2024-03-11 20:08:20","open-social fr","gpch fr_CH","62","3924","0","4034","0","4034"
"2024-03-11 20:06:49","open-social de","gpch de_CH","66","3924","0","4035","0","4035"
"2024-03-04 20:17:38","gpit it","gpch it_CH","40","1086","0","3865","0","3865"
"2024-03-04 20:15:20","gpfr fr","gpch fr_CH","38","1069","0","4040","0","4040"
"2024-03-04 20:13:00","gpde de","gpch de_CH","52","1943","0","4040","0","4040"
"2024-03-04 20:10:43","open-social fr","gpch fr_CH","62","3975","0","4040","0","4040"
"2024-03-04 20:08:25","open-social de","gpch de_CH","66","3975","0","4041","0","4041"
"2024-02-26 20:16:32","gpit it","gpch it_CH","40","1086","0","3865","0","3865"
"2024-02-26 20:14:19","gpfr fr","gpch fr_CH","38","1069","0","4040","0","4040"
"2024-02-26 20:12:03","gpde de","gpch de_CH","52","1943","0","4040","0","4040"
"2024-02-26 20:09:50","open-social fr","gpch fr_CH","62","3975","0","4040","0","4040"
"2024-02-26 20:07:32","open-social de","gpch de_CH","66","3975","0","4041","0","4041"
"2024-02-19 20:14:09","gpit it","gpch it_CH","40","1086","0","3865","0","3865"
"2024-02-19 20:12:21","gpfr fr","gpch fr_CH","38","1069","0","4040","0","4040"
"2024-02-19 20:10:31","gpde de","gpch de_CH","52","1943","0","4040","0","4040"
"2024-02-19 20:08:43","open-social fr","gpch fr_CH","62","3975","0","4040","0","4040"
"2024-02-19 20:06:54","open-social de","gpch de_CH","66","3975","0","4041","0","4041"
"2024-02-12 20:14:14","gpit it","gpch it_CH","40","1086","0","3865","0","3865"
"2024-02-12 20:12:42","gpfr fr","gpch fr_CH","38","1069","0","4040","0","4040"
"2024-02-12 20:11:07","gpde de","gpch de_CH","52","1917","0","4040","0","4040"
"2024-02-12 20:09:11","open-social fr","gpch fr_CH","62","3975","0","4040","0","4040"
"2024-02-12 20:07:17","open-social de","gpch de_CH","66","3975","0","4041","0","4041"
"2024-02-05 20:16:15","gpit it","gpch it_CH","40","1086","0","3865","0","3865"
"2024-02-05 20:14:01","gpfr fr","gpch fr_CH","38","1069","0","4040","0","4040"
"2024-02-05 20:11:47","gpde de","gpch de_CH","52","1917","0","4040","0","4040"
"2024-02-05 20:09:35","open-social fr","gpch fr_CH","62","3975","0","4040","0","4040"
"2024-02-05 20:07:22","open-social de","gpch de_CH","66","3975","0","4041","0","4041"
"2024-01-29 20:12:53","gpit it","gpch it_CH","40","1086","0","3865","0","3865"
"2024-01-29 20:11:23","gpfr fr","gpch fr_CH","38","1069","0","4040","0","4040"
"2024-01-29 20:09:51","gpde de","gpch de_CH","52","1917","0","4040","0","4040"
"2024-01-29 20:08:19","open-social fr","gpch fr_CH","62","3975","0","4040","0","4040"
"2024-01-29 20:06:48","open-social de","gpch de_CH","66","3975","0","4041","0","4041"
"2024-01-22 20:14:32","gpit it","gpch it_CH","40","1086","0","3865","0","3865"
"2024-01-22 20:12:56","gpfr fr","gpch fr_CH","38","1068","0","4040","0","4040"
"2024-01-22 20:11:15","gpde de","gpch de_CH","52","1917","0","4040","0","4040"
"2024-01-22 20:09:35","open-social fr","gpch fr_CH","62","3975","0","4040","0","4040"
"2024-01-22 20:07:53","open-social de","gpch de_CH","66","3975","0","4041","0","4041"
"2024-01-15 20:18:15","gpit it","gpch it_CH","40","1086","0","3865","0","3865"
"2024-01-15 20:15:47","gpfr fr","gpch fr_CH","38","1068","0","4040","0","4040"
"2024-01-15 20:13:16","gpde de","gpch de_CH","52","1917","0","4040","0","4040"
"2024-01-15 20:10:49","open-social fr","gpch fr_CH","62","3975","0","4040","0","4040"
"2024-01-15 20:08:23","open-social de","gpch de_CH","66","3975","0","4041","0","4041"
"2024-01-08 20:18:31","gpit it","gpch it_CH","40","1086","0","3865","0","3865"
"2024-01-08 20:16:05","gpfr fr","gpch fr_CH","38","1068","0","4040","0","4040"
"2024-01-08 20:13:37","gpde de","gpch de_CH","52","1915","0","4040","0","4040"
"2024-01-08 20:11:02","open-social fr","gpch fr_CH","62","3975","0","4040","0","4040"
"2024-01-08 20:08:35","open-social de","gpch de_CH","66","3975","0","4041","0","4041"
"2024-01-01 20:15:49","gpit it","gpch it_CH","40","1086","0","3865","0","3865"
"2024-01-01 20:13:42","gpfr fr","gpch fr_CH","38","1068","0","4040","0","4040"
"2024-01-01 20:11:35","gpde de","gpch de_CH","52","1915","0","4040","0","4040"
"2024-01-01 20:09:31","open-social fr","gpch fr_CH","62","3975","0","4040","0","4040"
"2024-01-01 20:07:28","open-social de","gpch de_CH","66","3975","0","4041","0","4041"
"2023-12-25 20:16:34","gpit it","gpch it_CH","40","1086","0","3865","0","3865"
"2023-12-25 20:14:22","gpfr fr","gpch fr_CH","38","1068","0","4040","0","4040"
"2023-12-25 20:12:08","gpde de","gpch de_CH","52","1915","0","4040","0","4040"
"2023-12-25 20:09:56","open-social fr","gpch fr_CH","62","3975","0","4040","0","4040"
"2023-12-25 20:07:46","open-social de","gpch de_CH","66","3975","0","4041","0","4041"
"2023-12-18 20:15:32","gpit it","gpch it_CH","40","1086","0","3867","0","3867"
"2023-12-18 20:13:41","gpfr fr","gpch fr_CH","38","1068","0","4042","0","4042"
"2023-12-18 20:11:46","gpde de","gpch de_CH","52","1915","0","4042","0","4042"
"2023-12-18 20:09:53","open-social fr","gpch fr_CH","62","3977","0","4042","0","4042"
"2023-12-18 20:08:00","open-social de","gpch de_CH","66","3977","0","4043","0","4043"
"2023-12-11 20:17:33","gpit it","gpch it_CH","40","1086","0","3867","0","3867"
"2023-12-11 20:15:13","gpfr fr","gpch fr_CH","38","1068","0","4042","0","4042"
"2023-12-11 20:12:50","gpde de","gpch de_CH","52","1912","0","4042","0","4042"
"2023-12-11 20:10:22","open-social fr","gpch fr_CH","62","3892","85","4042","1","4042"
"2023-12-11 20:08:01","open-social de","gpch de_CH","66","3897","80","4043","1","4043"
"2023-12-04 20:17:13","gpit it","gpch it_CH","40","1086","0","3862","0","3862"
"2023-12-04 20:15:01","gpfr fr","gpch fr_CH","38","1068","0","4037","0","4037"
"2023-12-04 20:12:43","gpde de","gpch de_CH","52","1912","0","4037","0","4037"
"2023-12-04 20:10:13","open-social fr","gpch fr_CH","62","3889","0","4037","0","4037"
"2023-12-04 20:07:55","open-social de","gpch de_CH","64","3890","0","4038","0","4038"
"2023-11-27 20:13:58","gpit it","gpch it_CH","40","1086","0","3862","0","3862"
"2023-11-27 20:12:28","gpfr fr","gpch fr_CH","38","1068","0","4037","0","4037"
"2023-11-27 20:10:56","gpde de","gpch de_CH","52","1912","0","4037","0","4037"
"2023-11-27 20:09:08","open-social fr","gpch fr_CH","62","3889","0","4037","0","4037"
"2023-11-27 20:07:08","open-social de","gpch de_CH","64","3890","0","4038","0","4038"
"2023-11-20 20:17:25","gpit it","gpch it_CH","40","1086","0","3862","0","3862"
"2023-11-20 20:15:15","gpfr fr","gpch fr_CH","38","1068","0","4037","0","4037"
"2023-11-20 20:13:02","gpde de","gpch de_CH","52","1912","0","4037","0","4037"
"2023-11-20 20:10:48","open-social fr","gpch fr_CH","62","3889","0","4037","0","4037"
"2023-11-20 20:08:31","open-social de","gpch de_CH","64","3890","0","4038","0","4038"
"2023-11-13 20:16:39","gpit it","gpch it_CH","40","1086","0","3862","0","3862"
"2023-11-13 20:14:27","gpfr fr","gpch fr_CH","38","1068","0","4037","0","4037"
"2023-11-13 20:12:11","gpde de","gpch de_CH","52","1912","0","4037","0","4037"
"2023-11-13 20:09:54","open-social fr","gpch fr_CH","62","3889","0","4037","0","4037"
"2023-11-13 20:07:42","open-social de","gpch de_CH","64","3890","0","4038","0","4038"
"2023-11-06 20:16:32","gpit it","gpch it_CH","40","1086","0","3862","0","3862"
"2023-11-06 20:14:20","gpfr fr","gpch fr_CH","38","1068","0","4037","0","4037"
"2023-11-06 20:12:07","gpde de","gpch de_CH","52","1912","0","4037","0","4037"
"2023-11-06 20:09:55","open-social fr","gpch fr_CH","62","3888","1","4037","1","4037"
"2023-11-06 20:07:44","open-social de","gpch de_CH","64","3888","2","4038","1","4038"
"2023-10-30 20:14:40","gpit it","gpch it_CH","40","1087","0","3814","0","3814"
"2023-10-30 20:13:00","gpfr fr","gpch fr_CH","38","1074","0","3989","0","3989"
"2023-10-30 20:11:05","gpde de","gpch de_CH","52","1916","1","3989","1","3989"
"2023-10-30 20:08:59","open-social fr","gpch fr_CH","62","3897","0","3989","0","3989"
"2023-10-30 20:07:11","open-social de","gpch de_CH","64","3897","0","3990","0","3990"
"2023-10-23 20:14:48","gpit it","gpch it_CH","203","10615","0","47547","0","47547"
"2023-10-23 20:13:09","gpfr fr","gpch fr_CH","278","12837","0","48092","0","48092"
"2023-10-23 20:11:29","gpde de","gpch de_CH","282","13802","2","47882","2","47882"
"2023-10-23 20:09:49","open-social fr","gpch fr_CH","385","45120","10","47319","1","47319"
"2023-10-23 20:08:04","open-social de","gpch de_CH","388","45119","10","47319","1","47319"
"2023-10-16 20:18:25","gpit it","gpch it_CH","203","10618","0","47465","0","47465"
"2023-10-16 20:16:05","gpfr fr","gpch fr_CH","275","12843","0","48005","0","48005"
"2023-10-16 20:13:42","gpde de","gpch de_CH","278","13789","6","47789","3","47789"
"2023-10-16 20:11:07","open-social fr","gpch fr_CH","385","45186","0","47237","0","47237"
"2023-10-16 20:08:17","open-social de","gpch de_CH","388","45185","0","47237","0","47237"
"2023-10-09 20:22:12","gpit it","gpch it_CH","203","10619","0","47453","0","47453"
"2023-10-09 20:19:09","gpfr fr","gpch fr_CH","275","12844","0","47992","0","47992"
"2023-10-09 20:16:01","gpde de","gpch de_CH","278","13811","0","47774","0","47774"
"2023-10-09 20:12:54","open-social fr","gpch fr_CH","385","45219","0","47225","0","47225"
"2023-10-09 20:09:46","open-social de","gpch de_CH","388","45218","0","47225","0","47225"
"2023-10-02 20:18:28","gpit it","gpch it_CH","203","10622","0","47500","0","47500"
"2023-10-02 20:16:09","gpfr fr","gpch fr_CH","275","12847","0","48039","0","48039"
"2023-10-02 20:13:48","gpde de","gpch de_CH","278","13813","0","47821","0","47821"
"2023-10-02 20:11:25","open-social fr","gpch fr_CH","385","45149","117","47272","7","47272"
"2023-10-02 20:08:18","open-social de","gpch de_CH","388","45265","0","47272","0","47272"
"2023-09-18 20:29:45","gpit it","gpch it_CH","203","10613","9","46514","3","46514"
"2023-09-18 20:27:30","gpfr fr","gpch fr_CH","275","12847","0","47052","0","47052"
"2023-09-18 20:25:35","gpde de","gpch de_CH","259","13844","0","46835","0","46835"
"2023-09-18 20:23:37","open-social fr","gpch fr_CH","495","39922","3926","44976","48","44976"
"2023-09-18 20:14:47","open-social de","gpch de_CH","498","39922","3925","44976","47","44976"
"2023-09-11 20:17:14","gpit it","gpch it_CH","0","52","0","414","0","414"
"2023-09-11 20:15:05","gpfr fr","gpch fr_CH","0","10","0","589","0","589"
"2023-09-11 20:12:37","gpde de","gpch de_CH","0","49","0","589","0","589"
"2023-09-11 20:10:32","open-social fr","gpch fr_CH","1","587","0","589","0","589"
"2023-09-11 20:08:33","open-social de","gpch de_CH","3","587","0","590","0","590"
"2023-09-04 20:16:54","gpit it","gpch it_CH","0","52","0","414","0","414"
"2023-09-04 20:14:52","gpfr fr","gpch fr_CH","0","10","0","589","0","589"
"2023-09-04 20:12:47","gpde de","gpch de_CH","0","49","0","589","0","589"
"2023-09-04 20:10:43","open-social fr","gpch fr_CH","1","587","0","589","0","589"
"2023-09-04 20:08:45","open-social de","gpch de_CH","3","587","0","590","0","590"
"2023-08-28 20:17:09","gpit it","gpch it_CH","0","52","0","414","0","414"
"2023-08-28 20:15:32","gpfr fr","gpch fr_CH","0","10","0","589","0","589"
"2023-08-28 20:13:35","gpde de","gpch de_CH","0","49","0","589","0","589"
"2023-08-28 20:11:35","open-social fr","gpch fr_CH","1","587","0","589","0","589"
"2023-08-28 20:09:51","open-social de","gpch de_CH","3","587","0","590","0","590"
"2023-08-21 20:15:01","gpit it","gpch it_CH","171","9619","0","35319","0","35319"
"2023-08-21 20:13:22","gpfr fr","gpch fr_CH","237","11465","0","35803","0","35803"
"2023-08-21 20:11:43","gpde de","gpch de_CH","222","11986","0","35565","0","35565"
"2023-08-21 20:09:57","open-social fr","gpch fr_CH","518","36718","0","37508","0","37508"
"2023-08-21 20:07:40","open-social de","gpch de_CH","520","36718","0","37508","0","37508"
"2023-08-14 20:19:15","gpit it","gpch it_CH","171","9619","0","35319","0","35319"
"2023-08-14 20:17:06","gpfr fr","gpch fr_CH","237","11465","0","35803","0","35803"
"2023-08-14 20:14:50","gpde de","gpch de_CH","221","11978","0","35565","0","35565"
"2023-08-14 20:12:34","open-social fr","gpch fr_CH","518","36718","0","37508","0","37508"
"2023-08-14 20:10:09","open-social de","gpch de_CH","520","36718","0","37508","0","37508"
"2023-08-07 20:17:09","gpit it","gpch it_CH","211","10654","0","38719","0","38719"
"2023-08-07 20:14:23","gpfr fr","gpch fr_CH","275","12529","0","39203","0","39203"
"2023-08-07 20:12:21","gpde de","gpch de_CH","273","13845","0","38965","0","38965"
"2023-08-07 20:10:38","open-social fr","gpch fr_CH","579","40028","0","40908","0","40908"
"2023-08-07 20:08:51","open-social de","gpch de_CH","581","40028","0","40908","0","40908"
"2023-07-24 20:14:39","gpit it","gpch it_CH","211","10654","0","38672","0","38672"
"2023-07-24 20:13:01","gpfr fr","gpch fr_CH","275","12529","0","39156","0","39156"
"2023-07-24 20:11:25","gpde de","gpch de_CH","273","13845","0","38918","0","38918"
"2023-07-24 20:09:47","open-social fr","gpch fr_CH","579","40028","0","40859","0","40859"
"2023-07-24 20:07:43","open-social de","gpch de_CH","581","40028","0","40859","0","40859"
"2023-07-17 20:17:40","gpit it","gpch it_CH","211","10654","0","38672","0","38672"
"2023-07-17 20:15:47","gpfr fr","gpch fr_CH","275","12529","0","39156","0","39156"
"2023-07-17 20:13:51","gpde de","gpch de_CH","273","13828","0","38918","0","38918"
"2023-07-17 20:11:56","open-social fr","gpch fr_CH","579","40028","0","40859","0","40859"
"2023-07-17 20:09:48","open-social de","gpch de_CH","581","40028","0","40859","0","40859"
"2023-07-10 20:14:38","gpit it","gpch it_CH","211","10654","0","38672","0","38672"
"2023-07-10 20:13:01","gpfr fr","gpch fr_CH","275","12529","0","39156","0","39156"
"2023-07-10 20:11:23","gpde de","gpch de_CH","273","13828","0","38918","0","38918"
"2023-07-10 20:09:46","open-social fr","gpch fr_CH","579","40028","0","40859","0","40859"
"2023-07-10 20:07:59","open-social de","gpch de_CH","581","40028","0","40859","0","40859"
"2023-07-03 20:17:14","gpit it","gpch it_CH","211","10654","0","38669","0","38669"
"2023-07-03 20:15:15","gpfr fr","gpch fr_CH","275","12529","0","39128","0","39128"
"2023-07-03 20:13:20","gpde de","gpch de_CH","273","13830","0","38933","0","38933"
"2023-07-03 20:11:26","open-social fr","gpch fr_CH","579","40029","0","40849","0","40849"
"2023-07-03 20:09:19","open-social de","gpch de_CH","581","40029","0","40824","0","40824"
"2023-06-26 20:13:29","gpit it","gpch it_CH","211","10654","0","38667","0","38667"
"2023-06-26 20:12:05","gpfr fr","gpch fr_CH","275","12529","0","39126","0","39126"
"2023-06-26 20:10:15","gpde de","gpch de_CH","273","13830","0","38931","0","38931"
"2023-06-26 20:08:40","open-social fr","gpch fr_CH","579","40029","0","40847","0","40847"
"2023-06-26 20:07:11","open-social de","gpch de_CH","581","40029","0","40822","0","40822"
"2023-06-19 20:13:46","gpit it","gpch it_CH","211","10654","0","38667","0","38667"
"2023-06-19 20:12:25","gpfr fr","gpch fr_CH","275","12529","0","39126","0","39126"
"2023-06-19 20:11:05","gpde de","gpch de_CH","273","13817","0","38931","0","38931"
"2023-06-19 20:09:45","open-social fr","gpch fr_CH","586","40033","0","40795","0","40795"
"2023-06-19 20:08:07","open-social de","gpch de_CH","588","40033","0","40770","0","40770"
"2023-06-12 20:18:44","gpit it","gpch it_CH","211","10654","0","38667","0","38667"
"2023-06-12 20:16:38","gpfr fr","gpch fr_CH","275","12529","0","39126","0","39126"
"2023-06-12 20:14:28","gpde de","gpch de_CH","270","13814","0","38931","0","38931"
"2023-06-12 20:12:17","open-social fr","gpch fr_CH","586","40033","0","40795","0","40795"
"2023-06-12 20:09:53","open-social de","gpch de_CH","588","40033","0","40770","0","40770"
"2023-06-05 20:13:24","gpit it","gpch it_CH","210","10654","0","38578","0","38578"
"2023-06-05 20:12:01","gpfr fr","gpch fr_CH","275","12529","0","39037","0","39037"
"2023-06-05 20:10:39","gpde de","gpch de_CH","270","13812","0","38842","0","38842"
"2023-06-05 20:09:17","open-social fr","gpch fr_CH","586","40104","0","40776","0","40776"
"2023-06-05 20:07:29","open-social de","gpch de_CH","588","40104","0","40751","0","40751"
"2023-05-29 20:13:27","gpit it","gpch it_CH","210","10654","0","38578","0","38578"
"2023-05-29 20:12:06","gpfr fr","gpch fr_CH","275","12529","0","39037","0","39037"
"2023-05-29 20:10:33","gpde de","gpch de_CH","270","13812","0","38842","0","38842"
"2023-05-29 20:08:45","open-social fr","gpch fr_CH","588","40104","0","40740","0","40740"
"2023-05-29 20:07:10","open-social de","gpch de_CH","590","40104","0","40715","0","40715"
"2023-05-22 20:17:40","gpit it","gpch it_CH","210","10654","0","38578","0","38578"
"2023-05-22 20:15:32","gpfr fr","gpch fr_CH","275","12529","0","39037","0","39037"
"2023-05-22 20:13:21","gpde de","gpch de_CH","270","13805","0","38842","0","38842"
"2023-05-22 20:11:09","open-social fr","gpch fr_CH","588","40104","0","40740","0","40740"
"2023-05-22 20:08:44","open-social de","gpch de_CH","590","40104","0","40715","0","40715"
"2023-05-15 20:16:27","gpit it","gpch it_CH","210","10654","0","38578","0","38578"
"2023-05-15 20:14:39","gpfr fr","gpch fr_CH","275","12529","0","39037","0","39037"
"2023-05-15 20:12:34","gpde de","gpch de_CH","270","13788","1","38842","1","38842"
"2023-05-15 20:10:54","open-social fr","gpch fr_CH","591","40389","0","41028","0","41028"
"2023-05-15 20:09:01","open-social de","gpch de_CH","593","40389","0","41003","0","41003"
"2023-05-08 20:17:50","gpit it","gpch it_CH","210","10656","0","38571","0","38571"
"2023-05-08 20:15:51","gpfr fr","gpch fr_CH","272","12510","0","39055","0","39055"
"2023-05-08 20:13:55","gpde de","gpch de_CH","270","13763","0","38817","0","38817"
"2023-05-08 20:12:01","open-social fr","gpch fr_CH","591","40407","0","41021","0","41021"
"2023-05-08 20:09:52","open-social de","gpch de_CH","593","40407","0","41021","0","41021"
"2023-05-02 08:04:46","gpit it","gpch it_CH","211","10660","0","38570","0","38570"
"2023-05-02 08:02:46","gpfr fr","gpch fr_CH","272","12504","0","39050","0","39050"
"2023-05-02 08:00:45","gpde de","gpch de_CH","270","13748","0","38817","0","38817"
"2023-05-02 07:58:40","open-social fr","gpch fr_CH","592","40416","0","41010","0","41010"
"2023-05-02 07:55:58","open-social de","gpch de_CH","594","40416","0","41010","0","41010"
"2023-05-02 07:47:58","gpit it","gpch it_CH","0","0","0","71","0","71"
"2023-05-02 07:47:57","gpfr fr","gpch fr_CH","0","2","0","71","0","71"
"2023-05-02 07:47:57","gpde de","gpch de_CH","0","8","0","71","0","71"
"2023-05-02 07:47:56","open-social fr","gpch fr_CH","1","70","0","71","0","71"
"2023-05-02 07:47:56","open-social de","gpch de_CH","1","70","0","71","0","71"
"2023-04-24 20:14:28","gpit it","gpch it_CH","210","10660","0","38570","0","38570"
"2023-04-24 20:13:02","gpfr fr","gpch fr_CH","272","12504","0","39050","0","39050"
"2023-04-24 20:11:25","gpde de","gpch de_CH","270","13739","0","38817","0","38817"
"2023-04-24 20:09:34","open-social fr","gpch fr_CH","592","40416","0","41010","0","41010"
"2023-04-24 20:07:53","open-social de","gpch de_CH","594","40415","1","41010","1","41010"
"2023-04-17 20:15:00","gpit it","gpch it_CH","210","10654","6","38557","3","38557"
"2023-04-17 20:13:00","gpfr fr","gpch fr_CH","271","12504","0","39037","0","39037"
"2023-04-17 20:11:11","gpde de","gpch de_CH","263","13727","0","38804","0","38804"
"2023-04-17 20:09:34","open-social fr","gpch fr_CH","525","40430","0","40957","0","40957"
"2023-04-17 20:07:49","open-social de","gpch de_CH","571","40430","0","41001","0","41001"
"2023-04-10 20:41:54","gpit it","gpch it_CH","207","10645","0","38557","0","38557"
"2023-04-10 20:40:09","gpfr fr","gpch fr_CH","271","12504","0","39037","0","39037"
"2023-04-10 20:38:19","gpde de","gpch de_CH","263","13726","0","38804","0","38804"
"2023-04-10 20:36:32","open-social fr","gpch fr_CH","525","40430","0","40957","0","40957"
"2023-04-10 20:34:36","open-social de","gpch de_CH","481","14147","15682","30310","233","30310"
"2023-04-03 20:33:53","gpit it","gpch it_CH","207","10645","0","38557","0","38557"
"2023-04-03 20:32:27","gpfr fr","gpch fr_CH","271","12504","0","39037","0","39037"
"2023-04-03 20:30:57","gpde de","gpch de_CH","263","13723","3","38804","2","38804"
"2023-04-03 20:29:26","open-social fr","gpch fr_CH","437","14620","16643","31702","236","31702"
"2023-04-03 20:07:45","open-social de","gpch de_CH","198","14065","0","41002","0","41002"
"2023-03-28 08:33:20","gpit it","gpch it_CH","0","57","0","1436","0","1436"
"2023-03-28 08:33:19","gpfr fr","gpch fr_CH","0","69","0","1436","0","1436"
"2023-03-28 08:33:18","gpde de","gpch de_CH","1","19","0","1436","0","1436"
"2023-03-28 08:33:16","open-social fr","gpch fr_CH","2","1432","2","1436","1","1436"
"2023-03-28 08:33:12","open-social de","gpch de_CH","0","13","0","1436","0","1436"
"2023-03-28 08:27:55","gpit it","gpch it_CH","124","6515","0","10998","0","10998"
"2023-03-28 08:27:48","gpfr fr","gpch fr_CH","154","8066","0","10998","0","10998"
"2023-03-28 08:27:41","gpde de","gpch de_CH","158","7891","0","10998","0","10998"
"2023-03-28 08:27:33","open-social fr","gpch fr_CH","145","9549","1207","10904","2","10904"
"2023-03-28 08:26:29","open-social de","gpch de_CH","101","7964","0","10905","0","10905"
"2023-03-28 08:19:31","gpit it","gpch it_CH","40","1037","0","3390","0","3390"
"2023-03-28 08:19:29","gpfr fr","gpch fr_CH","38","1043","0","3390","0","3390"
"2023-03-28 08:19:27","gpde de","gpch de_CH","52","1810","0","3390","0","3390"
"2023-03-28 08:19:25","open-social fr","gpch fr_CH","61","3327","2","3390","1","3390"
"2023-03-28 08:19:20","open-social de","gpch de_CH","53","1925","0","3390","0","3390"
"2023-03-27 20:40:30","gpit it","gpch it_CH","207","10642","3","38557","1","38557"
"2023-03-27 20:37:15","gpfr fr","gpch fr_CH","271","12486","18","39037","5","39037"
"2023-03-27 20:34:10","gpde de","gpch de_CH","263","13693","1","38804","1","38804"
"2023-03-27 20:31:07","open-social fr","gpch fr_CH","319","7803","13286","22123","234","22123"
"2023-03-27 20:09:39","open-social de","gpch de_CH","198","14065","0","41002","0","41002"
"2023-03-20 20:21:13","gpit it","gpch it_CH","206","10642","0","38557","0","38557"
"2023-03-20 20:18:22","gpfr fr","gpch fr_CH","271","12504","0","39037","0","39037"
"2023-03-20 20:15:34","gpde de","gpch de_CH","263","13693","0","38804","0","38804"
"2023-03-20 20:12:40","open-social fr","gpch fr_CH","190","13721","0","40958","0","40958"
"2023-03-20 20:09:25","open-social de","gpch de_CH","198","14065","0","40959","0","40959"
"2023-03-13 20:21:43","gpit it","gpch it_CH","206","10642","0","38538","0","38538"
"2023-03-13 20:18:49","gpfr fr","gpch fr_CH","271","12504","0","39018","0","39018"
"2023-03-13 20:15:58","gpde de","gpch de_CH","263","13693","0","38785","0","38785"
"2023-03-13 20:13:09","open-social fr","gpch fr_CH","190","13721","0","40939","0","40939"
"2023-03-13 20:10:14","open-social de","gpch de_CH","198","14065","0","40940","0","40940"
"2023-03-06 20:28:28","gpit it","gpch it_CH","206","10642","0","38538","0","38538"
"2023-03-06 20:25:36","gpfr fr","gpch fr_CH","271","12504","0","39018","0","39018"
"2023-03-06 20:20:41","gpde de","gpch de_CH","263","13693","0","38785","0","38785"
"2023-03-06 20:15:50","open-social fr","gpch fr_CH","190","13704","17","40939","13","40939"
"2023-03-06 20:12:36","open-social de","gpch de_CH","198","14058","7","40940","7","40940"
"2023-02-27 20:23:39","gpit it","gpch it_CH","206","10642","0","38538","0","38538"
"2023-02-27 20:20:07","gpfr fr","gpch fr_CH","271","12504","0","39018","0","39018"
"2023-02-27 20:16:54","gpde de","gpch de_CH","263","13692","1","38785","1","38785"
"2023-02-27 20:13:04","open-social fr","gpch fr_CH","189","13662","0","40936","0","40936"
"2023-02-27 20:09:41","open-social de","gpch de_CH","197","13998","0","40937","0","40937"
"2023-02-20 20:23:40","gpit it","gpch it_CH","206","10642","0","38597","0","38597"
"2023-02-20 20:20:38","gpfr fr","gpch fr_CH","270","12509","1","39071","1","39071"
"2023-02-20 20:17:39","gpde de","gpch de_CH","260","13698","0","38784","0","38784"
"2023-02-20 20:14:39","open-social fr","gpch fr_CH","189","13662","0","40936","0","40936"
"2023-02-20 20:11:36","open-social de","gpch de_CH","197","13998","0","40937","0","40937"
"2023-02-13 20:20:32","gpit it","gpch it_CH","206","10639","3","38597","3","38597"
"2023-02-13 20:17:36","gpfr fr","gpch fr_CH","269","12509","0","39071","0","39071"
"2023-02-13 20:14:43","gpde de","gpch de_CH","260","13698","0","38784","0","38784"
"2023-02-13 20:11:49","open-social fr","gpch fr_CH","189","13669","0","40993","0","40993"
"2023-02-13 20:08:46","open-social de","gpch de_CH","197","14004","0","40994","0","40994"
"2023-02-06 20:30:31","gpit it","gpch it_CH","205","10636","0","38584","0","38584"
"2023-02-06 20:25:35","gpfr fr","gpch fr_CH","269","12509","0","39058","0","39058"
"2023-02-06 20:20:37","gpde de","gpch de_CH","260","13698","0","38780","0","38780"
"2023-02-06 20:15:35","open-social fr","gpch fr_CH","189","13670","0","40931","0","40931"
"2023-02-06 20:10:40","open-social de","gpch de_CH","197","14005","0","40932","0","40932"
"2023-01-30 20:21:16","gpit it","gpch it_CH","205","10636","0","38584","0","38584"
"2023-01-30 20:18:19","gpfr fr","gpch fr_CH","269","12509","0","39058","0","39058"
"2023-01-30 20:15:21","gpde de","gpch de_CH","260","13696","2","38780","2","38780"
"2023-01-30 20:12:23","open-social fr","gpch fr_CH","189","13670","0","40931","0","40931"
"2023-01-30 20:09:07","open-social de","gpch de_CH","197","14005","0","40932","0","40932"
"2023-01-23 20:22:42","gpit it","gpch it_CH","204","10636","0","38546","0","38546"
"2023-01-23 20:20:20","gpfr fr","gpch fr_CH","269","12509","0","39020","0","39020"
"2023-01-23 20:17:53","gpde de","gpch de_CH","260","13696","0","38746","0","38746"
"2023-01-23 20:15:32","open-social fr","gpch fr_CH","189","13670","0","40885","0","40885"
"2023-01-23 20:13:18","open-social de","gpch de_CH","197","14005","0","40886","0","40886"
"2023-01-16 20:17:00","gpit it","gpch it_CH","204","10636","0","38546","0","38546"
"2023-01-16 20:14:43","gpfr fr","gpch fr_CH","269","12509","0","39020","0","39020"
"2023-01-16 20:12:24","gpde de","gpch de_CH","260","13696","0","38746","0","38746"
"2023-01-16 20:10:07","open-social fr","gpch fr_CH","189","13670","0","40885","0","40885"
"2023-01-16 20:07:29","open-social de","gpch de_CH","197","14005","0","40886","0","40886"
"2023-01-10 09:26:39","gpit it","gpch it_CH","2","112","0","162","0","162"
"2023-01-10 09:26:39","gpfr fr","gpch fr_CH","5","36","0","169","0","169"
"2023-01-10 09:26:38","gpde de","gpch de_CH","1","39","0","162","0","162"
"2023-01-10 09:26:37","open-social fr","gpch fr_CH","0","92","0","162","0","162"
"2023-01-10 09:26:37","open-social de","gpch de_CH","1","78","0","162","0","162"
"2023-01-09 20:29:40","gpit it","gpch it_CH","204","10259","377","38541","23","38541"
"2023-01-09 20:25:09","gpfr fr","gpch fr_CH","269","12478","31","39015","15","39015"
"2023-01-09 20:22:28","gpde de","gpch de_CH","260","13567","129","38740","46","38740"
"2023-01-09 20:19:15","open-social fr","gpch fr_CH","189","12676","994","40880","101","40880"
"2023-01-09 20:13:38","open-social de","gpch de_CH","197","13364","641","40881","106","40881"
"2023-01-02 20:27:53","gpit it","gpch it_CH","39","1086","0","3797","0","3797"
"2023-01-02 20:24:45","gpfr fr","gpch fr_CH","37","1052","0","3972","0","3972"
"2023-01-02 20:17:32","gpde de","gpch de_CH","52","1850","3","3972","2","3972"
"2023-01-02 20:12:23","open-social fr","gpch fr_CH","41","1393","0","3972","0","3972"
"2023-01-02 20:10:21","open-social de","gpch de_CH","55","2051","0","3973","0","3973"
"2022-12-26 20:23:43","gpit it","gpch it_CH","39","1086","0","3797","0","3797"
"2022-12-26 20:21:24","gpfr fr","gpch fr_CH","37","1052","0","3972","0","3972"
"2022-12-26 20:18:14","gpde de","gpch de_CH","52","1850","0","3972","0","3972"
"2022-12-26 20:13:06","open-social fr","gpch fr_CH","41","1393","0","3972","0","3972"
"2022-12-26 20:10:02","open-social de","gpch de_CH","55","2051","0","3973","0","3973"
"2022-12-19 20:30:13","gpit it","gpch it_CH","39","1086","0","3797","0","3797"
"2022-12-19 20:27:51","gpfr fr","gpch fr_CH","37","1052","0","3972","0","3972"
"2022-12-19 20:25:27","gpde de","gpch de_CH","52","1850","0","3972","0","3972"
"2022-12-19 20:23:04","open-social fr","gpch fr_CH","41","1393","0","3972","0","3972"
"2022-12-19 20:20:46","open-social de","gpch de_CH","55","2051","0","3973","0","3973"
"2022-12-12 20:21:31","gpit it","gpch it_CH","39","1086","0","3797","0","3797"
"2022-12-12 20:19:09","gpfr fr","gpch fr_CH","37","1052","0","3972","0","3972"
"2022-12-12 20:16:45","gpde de","gpch de_CH","52","1850","0","3972","0","3972"
"2022-12-12 20:14:22","open-social fr","gpch fr_CH","41","1393","0","3972","0","3972"
"2022-12-12 20:12:05","open-social de","gpch de_CH","55","2051","0","3973","0","3973"
"2022-11-28 20:21:42","gpit it","gpch it_CH","39","1086","0","3798","0","3798"
"2022-11-28 20:18:43","gpfr fr","gpch fr_CH","37","1052","0","3973","0","3973"
"2022-11-28 20:15:46","gpde de","gpch de_CH","52","1850","0","3973","0","3973"
"2022-11-28 20:12:39","open-social fr","gpch fr_CH","41","1393","0","3973","0","3973"
"2022-11-28 20:09:36","open-social de","gpch de_CH","55","2051","0","3974","0","3974"
"2022-11-21 20:21:54","gpit it","gpch it_CH","39","1083","3","3798","1","3798"
"2022-11-21 20:18:58","gpfr fr","gpch fr_CH","37","1050","2","3973","1","3973"
"2022-11-21 20:16:00","gpde de","gpch de_CH","52","1842","8","3973","2","3973"
"2022-11-21 20:12:58","open-social fr","gpch fr_CH","41","1382","11","3973","3","3973"
"2022-11-21 20:10:07","open-social de","gpch de_CH","55","2050","1","3974","1","3974"
"2022-11-16 09:44:47","gpit it","gpch it_CH","0","4","0","10","0","10"
"2022-11-16 09:44:46","gpfr fr","gpch fr_CH","0","1","0","10","0","10"
"2022-11-16 09:44:46","gpde de","gpch de_CH","0","2","0","10","0","10"
"2022-11-16 09:44:45","open-social fr","gpch fr_CH","0","1","0","10","0","10"
"2022-11-16 09:44:44","open-social de","gpch de_CH","0","1","0","10","0","10"
"2022-11-14 20:36:21","gpit it","gpch it_CH","39","1081","0","3797","0","3797"
"2022-11-14 20:33:33","gpfr fr","gpch fr_CH","37","1037","0","3960","0","3960"
"2022-11-14 20:27:38","gpde de","gpch de_CH","52","1842","0","3973","0","3973"
"2022-11-14 20:22:47","open-social fr","gpch fr_CH","39","1377","0","3973","0","3973"
"2022-11-14 20:14:56","open-social de","gpch de_CH","54","2044","0","3974","0","3974"
"2022-11-09 19:53:14","gpit it","gpch it_CH","0","0","0","0","0","0"
"2022-11-09 19:53:13","gpfr fr","gpch fr_CH","0","0","0","0","0","0"
"2022-11-09 19:53:12","gpde de","gpch de_CH","0","0","0","0","0","0"
"2022-11-09 19:53:11","open-social fr","gpch fr_CH","0","0","0","0","0","0"
"2022-11-09 19:53:10","open-social de","gpch de_CH","0","0","0","0","0","0"
"2022-11-07 20:21:46","gpit it","gpch it_CH","39","1081","0","3797","0","3797"
"2022-11-07 20:18:44","gpfr fr","gpch fr_CH","37","1037","0","3960","0","3960"
"2022-11-07 20:15:41","gpde de","gpch de_CH","52","1842","0","3973","0","3973"
"2022-11-07 20:12:45","open-social fr","gpch fr_CH","39","1377","0","3973","0","3973"
"2022-11-07 20:09:50","open-social de","gpch de_CH","54","2044","0","3974","0","3974"
"2022-11-03 09:31:59","gpit it","gpch it_CH","39","1081","0","3790","0","3790"
"2022-11-03 09:29:26","gpfr fr","gpch fr_CH","37","1037","0","3953","0","3953"
"2022-11-03 09:26:58","gpde de","gpch de_CH","52","1837","5","3966","1","3966"
"2022-11-03 09:24:30","open-social fr","gpch fr_CH","39","1281","96","3966","3","3966"
"2022-11-03 09:21:56","open-social de","gpch de_CH","54","1948","96","3967","2","3967"
"2022-11-03 09:02:49","gpit it","gpch it_CH","39","1029","0","3376","0","3376"
"2022-11-03 09:02:46","gpfr fr","gpch fr_CH","37","1027","0","3364","0","3364"
"2022-11-03 09:02:42","gpde de","gpch de_CH","52","1799","7","3377","1","3377"
"2022-11-03 09:02:37","open-social fr","gpch fr_CH","39","970","277","3377","1","3377"
"2022-11-03 09:02:15","open-social de","gpch de_CH","52","1914","0","3377","0","3377"
"2022-10-10 20:17:37","gpit it","gpch it_CH","165","10325","374","38107","20","38107"
"2022-10-10 20:13:30","gpfr fr","gpch fr_CH","167","12392","194","38266","37","38266"
"2022-10-10 20:09:42","gpde de","gpch de_CH","195","13367","243","38268","51","38268"
"2022-10-03 20:18:11","gpit it","gpch it_CH","39","1153","0","3943","0","3943"
"2022-10-03 20:15:22","gpfr fr","gpch fr_CH","37","1021","19","4108","2","4108"
"2022-10-03 20:12:30","gpde de","gpch de_CH","50","1820","5","4119","2","4119"
"2022-09-26 20:15:33","gpit it","gpch it_CH","126","9747","0","34882","0","34882"
"2022-09-26 20:12:13","gpfr fr","gpch fr_CH","130","11459","2","35053","1","35053"
"2022-09-26 20:09:05","gpde de","gpch de_CH","145","11726","30","35042","17","35042"
"2022-09-19 20:28:25","gpit it","gpch it_CH","128","9729","0","34970","0","34970"
"2022-09-19 20:21:53","gpfr fr","gpch fr_CH","132","11427","0","35160","0","35160"
"2022-09-19 20:14:37","gpde de","gpch de_CH","148","11643","0","29315","0","29315"
"2022-09-16 10:24:41","gpit it","gpch it_CH","128","9729","0","34970","0","34970"
"2022-09-16 10:21:10","gpfr fr","gpch fr_CH","132","11425","0","35138","0","35138"
"2022-09-16 10:17:39","gpde de","gpch de_CH","148","11643","0","35145","0","35145"
"2022-09-15 13:11:25","gpit it","gpch it_CH","137","6391","1","27429","1","27429"
"2022-09-15 13:09:10","gpfr fr","gpch fr_CH","144","6970","4","27210","4","27210"
"2022-09-15 13:06:51","gpde de","gpch de_CH","174","8055","51","24032","6","24032"
"2022-09-15 12:57:08","gpit it","gpch it_CH","0","44","0","45","0","45"
"2022-09-15 12:57:07","gpfr fr","gpch fr_CH","0","6","0","45","0","45"
"2022-09-15 12:57:07","gpde de","gpch de_CH","0","7","0","45","0","45"
"2022-09-15 08:50:46","gpit it","gpch it_CH","0","0","0","0","0","0"
"2022-09-15 08:50:45","gpfr fr","gpch fr_CH","0","0","0","0","0","0"
"2022-09-15 08:50:45","gpde de","gpch de_CH","0","0","0","0","0","0"
"2022-09-14 18:47:34","gpit it","gpch it_CH","0","0","0","0","0","0"
"2022-09-14 18:47:34","gpfr fr","gpch fr_CH","0","0","0","0","0","0"
"2022-09-14 18:47:34","gpde de","gpch de_CH","0","0","0","0","0","0"
"2022-09-14 08:03:11","gpit it","gpch it_CH","0","0","0","0","0","0"
"2022-09-14 08:03:11","gpfr fr","gpch fr_CH","0","0","0","0","0","0"
"2022-09-14 08:03:11","gpde de","gpch de_CH","0","0","0","0","0","0"
"2022-09-14 07:44:07","gpit it","gpch it_CH","0","0","0","0","0","0"
"2022-09-14 07:44:07","gpfr fr","gpch fr_CH","0","0","0","0","0","0"
"2022-09-14 07:44:07","gpde de","gpch de_CH","0","0","0","0","0","0"
"2022-09-13 08:44:29","gpit it","gpch it_CH","0","0","0","0","0","0"
"2022-09-13 08:44:29","gpfr fr","gpch fr_CH","0","0","0","0","0","0"
"2022-09-13 08:44:29","gpde de","gpch de_CH","0","0","0","0","0","0"
"2022-09-13 08:20:28","gpit it","gpch it_CH","0","0","0","0","0","0"
"2022-09-13 08:20:28","gpfr fr","gpch fr_CH","0","0","0","0","0","0"
"2022-09-13 08:20:28","gpde de","gpch de_CH","0","0","0","0","0","0"
"2022-09-12 20:03:10","gpit it","gpch it_CH","0","0","0","0","0","0"
"2022-09-12 20:03:10","gpfr fr","gpch fr_CH","0","0","0","0","0","0"
"2022-09-12 20:03:10","gpde de","gpch de_CH","0","0","0","0","0","0"
"2022-09-05 20:03:27","gpit it","gpch it_CH","0","0","0","0","0","0"
"2022-09-05 20:03:27","gpfr fr","gpch fr_CH","0","0","0","0","0","0"
"2022-09-05 20:03:27","gpde de","gpch de_CH","0","0","0","0","0","0"
"2022-08-29 20:03:01","gpit it","gpch it_CH","0","0","0","0","0","0"
"2022-08-29 20:03:01","gpfr fr","gpch fr_CH","0","0","0","0","0","0"
"2022-08-29 20:03:01","gpde de","gpch de_CH","0","0","0","0","0","0"
"2022-08-22 20:16:14","gpit it","gpch it_CH","168","10763","0","37572","0","37572"
"2022-08-22 20:13:04","gpfr fr","gpch fr_CH","201","12446","0","37253","0","37253"
"2022-08-22 20:10:03","gpde de","gpch de_CH","209","13468","0","29824","0","29824"
"2022-08-15 20:13:05","gpit it","gpch it_CH","168","10762","1","37572","1","37572"
"2022-08-15 20:09:48","gpfr fr","gpch fr_CH","201","12446","0","37253","0","37253"
"2022-08-15 20:06:39","gpde de","gpch de_CH","209","13468","0","29824","0","29824"
"2022-08-08 20:10:54","gpit it","gpch it_CH","168","10763","0","37561","0","37561"
"2022-08-08 20:08:23","gpfr fr","gpch fr_CH","201","12446","0","37242","0","37242"
"2022-08-08 20:05:40","gpde de","gpch de_CH","209","13468","0","29813","0","29813"
"2022-08-01 20:13:58","gpit it","gpch it_CH","168","10763","0","37572","0","37572"
"2022-08-01 20:10:39","gpfr fr","gpch fr_CH","201","12446","0","37253","0","37253"
"2022-08-01 20:07:28","gpde de","gpch de_CH","209","13468","0","29824","0","29824"
"2022-07-25 20:11:57","gpit it","gpch it_CH","168","10763","0","37572","0","37572"
"2022-07-25 20:09:09","gpfr fr","gpch fr_CH","201","12446","0","37253","0","37253"
"2022-07-25 20:06:08","gpde de","gpch de_CH","209","13468","0","29824","0","29824"
"2022-07-18 20:13:39","gpit it","gpch it_CH","168","10763","0","37572","0","37572"
"2022-07-18 20:10:20","gpfr fr","gpch fr_CH","201","12446","0","37253","0","37253"
"2022-07-18 20:07:00","gpde de","gpch de_CH","209","13468","0","29824","0","29824"
"2022-07-11 20:24:04","gpit it","gpch it_CH","168","10763","0","37572","0","37572"
"2022-07-11 20:20:44","gpfr fr","gpch fr_CH","201","12442","4","37253","2","37253"
"2022-07-11 20:17:32","gpde de","gpch de_CH","209","13462","6","29824","5","29824"
"2022-06-27 20:13:49","gpit it","gpch it_CH","168","10763","0","37572","0","37572"
"2022-06-27 20:10:37","gpfr fr","gpch fr_CH","201","12442","0","37253","0","37253"
"2022-06-27 20:07:28","gpde de","gpch de_CH","209","13375","80","29824","27","29824"
"2022-06-20 20:11:21","gpit it","gpch it_CH","168","10765","0","37568","0","37568"
"2022-06-20 20:08:33","gpfr fr","gpch fr_CH","201","12443","0","37249","0","37249"
"2022-06-20 20:05:54","gpde de","gpch de_CH","207","13370","5","29820","1","29820"
"2022-06-15 14:02:00","gpit it","gpch it_CH","41","1029","0","3347","0","3347"
"2022-06-15 14:01:53","gpfr fr","gpch fr_CH","37","991","20","3336","1","3336"
"2022-06-15 14:01:45","gpde de","gpch de_CH","52","1750","19","3348","1","3348"
"2022-06-13 20:11:35","gpit it","gpch it_CH","168","10761","0","37565","0","37565"
"2022-06-13 20:08:40","gpfr fr","gpch fr_CH","201","12423","0","37248","0","37248"
"2022-06-13 20:05:45","gpde de","gpch de_CH","201","13340","11","29819","8","29819"
"2022-06-10 14:36:05","gpit it","gpch it_CH","41","980","45","3347","1","3347"
"2022-06-10 14:35:56","gpfr fr","gpch fr_CH","37","990","1","3336","1","3336"
"2022-06-10 14:35:48","gpde de","gpch de_CH","52","1742","5","3348","1","3348"
"2022-06-06 20:17:53","gpit it","gpch it_CH","168","10733","0","37556","0","37556"
"2022-06-06 20:14:36","gpfr fr","gpch fr_CH","201","12408","33","37239","2","37239"
"2022-06-06 20:10:28","gpde de","gpch de_CH","193","13350","6","29804","6","29804"
"2022-05-30 20:12:56","gpit it","gpch it_CH","168","10749","0","37431","0","37431"
"2022-05-30 20:09:42","gpfr fr","gpch fr_CH","168","12432","10","37260","10","37260"
"2022-05-30 20:06:24","gpde de","gpch de_CH","194","13407","0","29682","0","29682"
"2022-05-23 20:11:43","gpit it","gpch it_CH","168","10750","0","37419","0","37419"
"2022-05-23 20:09:02","gpfr fr","gpch fr_CH","168","12433","0","37245","0","37245"
"2022-05-23 20:05:25","gpde de","gpch de_CH","193","13408","0","29669","0","29669"
"2022-05-16 20:12:02","gpit it","gpch it_CH","168","10744","6","37408","6","37408"
"2022-05-16 20:09:12","gpfr fr","gpch fr_CH","170","12433","0","37232","0","37232"
"2022-05-16 20:06:16","gpde de","gpch de_CH","195","13408","0","29635","0","29635"
"2022-05-10 13:27:55","gpit it","gpch it_CH","168","10716","39","29484","8","29484"
"2022-05-10 13:25:05","gpfr fr","gpch fr_CH","168","12437","0","29465","0","29465"
"2022-05-10 13:22:21","gpde de","gpch de_CH","190","13417","0","28027","0","28027"
"2022-05-02 20:17:49","gpit it","gpch it_CH","163","10560","0","26987","0","26987"
"2022-05-02 20:15:56","gpfr fr","gpch fr_CH","144","9569","0","23413","0","23413"
"2022-05-02 20:09:06","gpde de","gpch de_CH","185","13305","0","26962","0","26962"
"2022-04-25 20:13:44","gpit it","gpch it_CH","163","10560","0","26985","0","26985"
"2022-04-25 20:11:34","gpfr fr","gpch fr_CH","164","12249","0","26966","0","26966"
"2022-04-25 20:09:28","gpde de","gpch de_CH","185","13305","0","26960","0","26960"
"2022-04-18 20:10:49","gpit it","gpch it_CH","163","10561","0","26957","0","26957"
"2022-04-18 20:08:52","gpfr fr","gpch fr_CH","164","12252","0","26938","0","26938"
"2022-04-18 20:06:59","gpde de","gpch de_CH","185","13302","3","26958","3","26958"
"2022-04-11 20:10:51","gpit it","gpch it_CH","163","10570","0","26927","0","26927"
"2022-04-11 20:08:29","gpfr fr","gpch fr_CH","164","12258","0","26908","0","26908"
"2022-04-11 20:06:00","gpde de","gpch de_CH","184","13334","2","26928","2","26928"
"2022-04-04 20:09:11","gpit it","gpch it_CH","163","10570","0","26907","0","26907"
"2022-04-04 20:07:00","gpfr fr","gpch fr_CH","164","12258","0","26888","0","26888"
"2022-04-04 20:04:51","gpde de","gpch de_CH","184","13334","0","26908","0","26908"
"2022-03-28 20:12:49","gpit it","gpch it_CH","163","10570","0","26905","0","26905"
"2022-03-28 20:10:31","gpfr fr","gpch fr_CH","164","12258","0","26886","0","26886"
"2022-03-28 20:08:09","gpde de","gpch de_CH","184","13334","0","26906","0","26906"
"2022-03-21 20:11:50","gpit it","gpch it_CH","163","10570","0","26900","0","26900"
"2022-03-21 20:09:54","gpfr fr","gpch fr_CH","164","12258","0","26881","0","26881"
"2022-03-21 20:08:03","gpde de","gpch de_CH","184","13331","0","26901","0","26901"
"2022-03-14 20:14:06","gpit it","gpch it_CH","163","10570","0","26865","0","26865"
"2022-03-14 20:12:08","gpfr fr","gpch fr_CH","164","12258","0","26846","0","26846"
"2022-03-14 20:08:03","gpde de","gpch de_CH","164","10741","0","23310","0","23310"
"2022-03-07 20:11:04","gpit it","gpch it_CH","163","10571","0","26743","0","26743"
"2022-03-07 20:08:13","gpfr fr","gpch fr_CH","164","12260","0","26724","0","26724"
"2022-03-07 20:05:39","gpde de","gpch de_CH","184","13331","0","26744","0","26744"
"2022-02-28 20:12:42","gpit it","gpch it_CH","163","10571","0","26743","0","26743"
"2022-02-28 20:09:24","gpfr fr","gpch fr_CH","164","12260","0","26724","0","26724"
"2022-02-28 20:05:15","gpde de","gpch de_CH","184","13331","0","26744","0","26744"
"2022-02-21 20:09:45","gpit it","gpch it_CH","163","10571","0","26743","0","26743"
"2022-02-21 20:07:35","gpfr fr","gpch fr_CH","164","12260","0","26724","0","26724"
"2022-02-21 20:05:30","gpde de","gpch de_CH","184","13331","0","26744","0","26744"
"2022-02-14 20:14:33","gpit it","gpch it_CH","174","10747","0","25888","0","25888"
"2022-02-14 20:12:22","gpfr fr","gpch fr_CH","180","12520","0","25869","0","25869"
"2022-02-14 20:10:18","gpde de","gpch de_CH","200","13600","0","25889","0","25889"
"2022-02-08 14:27:46","gpit it","gpch it_CH","174","10747","0","25888","0","25888"
"2022-02-08 14:25:31","gpfr fr","gpch fr_CH","180","12520","0","25869","0","25869"
"2022-02-08 14:23:09","gpde de","gpch de_CH","200","13598","2","25889","1","25889"
"2022-01-31 20:11:42","gpit it","gpch it_CH","174","10747","0","25888","0","25888"
"2022-01-31 20:09:33","gpfr fr","gpch fr_CH","180","12510","10","25869","1","25869"
"2022-01-31 20:07:15","gpde de","gpch de_CH","200","13588","9","25889","8","25889"
"2022-01-24 20:09:00","gpit it","gpch it_CH","174","10747","0","25888","0","25888"
"2022-01-24 20:07:05","gpfr fr","gpch fr_CH","180","12464","46","25870","15","25870"
"2022-01-24 20:05:01","gpde de","gpch de_CH","200","13588","0","25889","0","25889"
"2022-01-17 20:13:35","gpit it","gpch it_CH","174","10747","0","25888","0","25888"
"2022-01-17 20:11:09","gpfr fr","gpch fr_CH","179","12459","0","25870","0","25870"
"2022-01-17 20:07:46","gpde de","gpch de_CH","200","13588","0","25889","0","25889"
"2022-01-10 20:10:04","gpit it","gpch it_CH","174","10747","0","25888","0","25888"
"2022-01-10 20:07:47","gpfr fr","gpch fr_CH","179","12459","0","25870","0","25870"
"2022-01-10 20:05:35","gpde de","gpch de_CH","200","13505","83","25889","4","25889"
"2022-01-03 20:12:04","gpit it","gpch it_CH","174","10747","0","25888","0","25888"
"2022-01-03 20:10:08","gpfr fr","gpch fr_CH","179","12457","2","25870","1","25870"
"2022-01-03 20:08:17","gpde de","gpch de_CH","200","13505","0","25889","0","25889"
"2021-12-27 20:13:55","gpit it","gpch it_CH","174","10747","0","25888","0","25888"
"2021-12-27 20:11:28","gpfr fr","gpch fr_CH","179","12457","0","25870","0","25870"
"2021-12-27 20:09:09","gpde de","gpch de_CH","200","13505","0","25889","0","25889"
"2021-12-22 10:38:30","gpit it","gpch it_CH","42","993","0","3117","0","3117"
"2021-12-22 10:38:23","gpfr fr","gpch fr_CH","38","958","0","3106","0","3106"
"2021-12-22 10:38:16","gpde de","gpch de_CH","52","1734","1","3118","1","3118"
"2021-12-20 20:09:00","gpit it","gpch it_CH","174","10747","0","25888","0","25888"
"2021-12-20 20:06:59","gpfr fr","gpch fr_CH","179","12457","0","25870","0","25870"
"2021-12-20 20:04:52","gpde de","gpch de_CH","200","13503","1","25889","1","25889"
"2021-12-13 20:11:07","gpit it","gpch it_CH","174","10746","1","25888","1","25888"
"2021-12-13 20:08:59","gpfr fr","gpch fr_CH","179","12436","21","25870","4","25870"
"2021-12-13 20:04:57","gpde de","gpch de_CH","200","13498","5","25889","4","25889"
"2021-12-06 23:14:28","gpit it","gpch it_CH","0","0","0","0","0","0"
"2021-12-06 23:12:24","gpfr fr","gpch fr_CH","0","0","0","0","0","0"
"2021-12-06 23:10:20","gpde de","gpch de_CH","0","0","0","0","0","0"
"2021-12-04 09:25:22","gpit it","gpch it_CH","174","10815","2","25866","2","25866"
"2021-12-04 09:23:14","gpfr fr","gpch fr_CH","179","12446","15","25848","3","25848"
"2021-12-04 09:21:12","gpde de","gpch de_CH","200","13519","4","25867","1","25867"
"2021-12-04 00:29:34","gpit it","gpch it_CH","97","6717","0","9996","0","9996"
"2021-12-04 00:29:18","gpfr fr","gpch fr_CH","111","8374","0","9993","0","9993"
"2021-12-04 00:29:02","gpde de","gpch de_CH","114","8183","0","9996","0","9996"
"2021-12-03 09:23:48","gpit it","gpch it_CH","94","6720","0","9996","0","9996"
"2021-12-03 09:23:30","gpfr fr","gpch fr_CH","110","8376","0","9994","0","9994"
"2021-12-03 09:23:08","gpde de","gpch de_CH","75","3947","0","4998","0","4998"
"2021-12-02 20:05:24","gpit it","gpch it_CH","44","3367","0","5001","0","5001"
"2021-12-02 20:05:10","gpfr fr","gpch fr_CH","112","8376","0","9996","0","9996"
"2021-12-02 20:04:54","gpde de","gpch de_CH","114","8185","0","9998","0","9998"
"2021-12-02 19:59:37","gpit it","gpch it_CH","96","6720","0","9998","0","9998"
"2021-12-02 19:58:22","gpfr fr","gpch fr_CH","112","8376","0","9996","0","9996"
"2021-12-02 19:58:06","gpde de","gpch de_CH","114","8185","0","9998","0","9998"
"2021-12-02 19:27:48","gpit it","gpch it_CH","96","6720","0","9998","0","9998"
"2021-12-02 19:27:30","gpfr fr","gpch fr_CH","112","8376","0","9996","0","9996"
"2021-12-02 19:27:13","gpde de","gpch de_CH","114","8185","0","9998","0","9998"
"2021-11-29 23:17:04","gpit it","gpch it_CH","0","0","0","0","0","0"
"2021-11-29 23:17:04","gpfr fr","gpch fr_CH","0","0","0","0","0","0"
"2021-11-29 23:17:04","gpde de","gpch de_CH","0","0","0","0","0","0"
"2021-11-26 11:25:56","gpit it","gpch it_CH","182","10823","0","25881","0","25881"
"2021-11-26 11:24:02","gpfr fr","gpch fr_CH","135","8239","21","20867","5","20867"
"2021-11-26 11:19:05","gpde de","gpch de_CH","210","13519","0","25882","0","25882"
"2021-11-26 11:03:09","gpit it","gpch it_CH","96","6720","0","9998","0","9998"
"2021-11-26 11:02:53","gpfr fr","gpch fr_CH","112","8376","0","9996","0","9996"
"2021-11-26 11:02:37","gpde de","gpch de_CH","114","8185","0","9998","0","9998"
"2021-11-25 16:23:20","gpit it","gpch it_CH","182","10823","0","25881","0","25881"
"2021-11-25 16:21:15","gpfr fr","gpch fr_CH","192","12412","15","25864","7","25864"
"2021-11-25 16:19:07","gpde de","gpch de_CH","210","13519","0","25882","0","25882"
"2021-11-10 16:43:32","gpit it","gpch it_CH","182","10823","0","25873","0","25873"
"2021-11-10 16:41:40","gpfr fr","gpch fr_CH","192","12282","0","25856","0","25856"
"2021-11-10 16:39:37","gpde de","gpch de_CH","210","13519","0","25874","0","25874"
"2021-11-02 14:45:04","gpit it","gpch it_CH","182","10818","6","25863","4","25863"
"2021-11-02 14:42:54","gpfr fr","gpch fr_CH","192","12283","0","25846","0","25846"
"2021-11-02 14:40:52","gpde de","gpch de_CH","204","13449","70","25864","13","25864"
"2021-09-29 11:28:34","gpit it","gpch it_CH","187","10842","0","25720","0","25720"
"2021-09-29 11:26:25","gpfr fr","gpch fr_CH","199","12313","0","25703","0","25703"
"2021-09-29 11:24:22","gpde de","gpch de_CH","211","13488","0","25721","0","25721"
"2021-09-20 15:09:26","gpit it","gpch it_CH","0","136","0","152","0","152"
"2021-09-20 15:09:25","gpfr fr","gpch fr_CH","0","122","0","152","0","152"
"2021-09-20 15:09:24","gpde de","gpch de_CH","0","50","1","152","1","152"
"2021-09-20 15:06:24","gpit it","gpch it_CH","0","136","0","152","0","152"
"2021-09-20 15:06:23","gpfr fr","gpch fr_CH","0","122","0","152","0","152"
"2021-09-20 15:06:22","gpde de","gpch de_CH","0","51","0","152","0","152"
"2021-09-20 13:34:29","gpit it","gpch it_CH","187","10863","0","25607","0","25607"
"2021-09-20 13:32:21","gpfr fr","gpch fr_CH","199","12329","0","25590","0","25590"
"2021-09-20 13:30:18","gpde de","gpch de_CH","211","13509","0","25608","0","25608"
"2021-09-20 13:20:29","gpit it","gpch it_CH","0","0","0","0","0","0"
"2021-09-20 13:20:29","gpfr fr","gpch fr_CH","0","0","0","0","0","0"
"2021-09-20 13:20:29","gpde de","gpch de_CH","0","0","0","0","0","0"
"2021-09-19 15:14:31","gpit it","gpch it_CH","187","10863","0","25607","0","25607"
"2021-09-19 15:11:57","gpfr fr","gpch fr_CH","199","12329","0","25590","0","25590"
"2021-09-19 15:09:32","gpde de","gpch de_CH","211","13509","0","25608","0","25608"
"2021-09-16 18:13:22","gpit it","gpch it_CH","187","10870","0","25603","0","25603"
"2021-09-16 18:10:50","gpfr fr","gpch fr_CH","199","12331","0","25586","0","25586"
"2021-09-16 18:08:22","gpde de","gpch de_CH","211","13509","0","25604","0","25604"
"2021-09-16 17:44:22","gpit it","gpch it_CH","187","10870","0","25603","0","25603"
"2021-09-16 17:41:49","gpfr fr","gpch fr_CH","199","12331","0","25586","0","25586"
"2021-09-16 17:39:20","gpde de","gpch de_CH","211","13509","0","25604","0","25604"
"2021-09-16 17:28:08","gpit it","gpch it_CH","0","136","0","152","0","152"
"2021-09-16 17:28:07","gpfr fr","gpch fr_CH","0","122","0","152","0","152"
"2021-09-16 17:28:06","gpde de","gpch de_CH","0","51","0","152","0","152"
