"component","status code","not found","skipped","accepted","total","result","count"
"Total","0","275","12529","0","39156","0","39156"
"address","200","0","122","0","152","FALSE","152"
"addtoany","200","0","6","0","45","FALSE","45"
"admin-toolbar","200","0","59","0","137","FALSE","137"
"better-exposed-filters","200","0","7","0","136","FALSE","136"
"block-field","200","0","12","0","38","FALSE","38"
"bootstrap","200","1","158","0","399","FALSE","399"
"captcha","200","0","14","0","248","FALSE","248"
"coder","200","0","10","0","56","FALSE","56"
"config-update","200","0","12","0","79","FALSE","79"
"consumers","200","0","9","0","40","FALSE","40"
"content-lock","200","0","37","0","115","FALSE","115"
"crop","200","1","27","0","116","FALSE","116"
"csv-serialization","200","0","1","0","4","FALSE","4"
"ctools","200","0","48","0","120","FALSE","120"
"data-policy","200","0","49","0","131","FALSE","131"
"dbee","200","0","2","0","44","FALSE","44"
"devel","200","38","63","0","627","FALSE","627"
"disable-user-1-edit","200","0","1","0","11","FALSE","11"
"dynamic-entity-reference","200","0","34","0","79","FALSE","79"
"editor-advanced-link","200","0","2","0","23","FALSE","23"
"embed","200","0","12","0","48","FALSE","48"
"entity","200","1","33","0","83","FALSE","83"
"entity-reference-revisions","200","0","48","0","82","FALSE","82"
"eu-cookie-compliance","200","0","27","0","289","FALSE","289"
"exif-orientation","200","0","1","0","3","FALSE","3"
"externalauth","200","0","2","0","15","FALSE","15"
"features","200","1","66","0","260","FALSE","260"
"field-group","200","0","59","0","153","FALSE","153"
"file-mdm","200","0","6","0","46","FALSE","46"
"flag","200","1","103","0","340","FALSE","340"
"gender","200","0","3","0","98","FALSE","98"
"geocoder","200","0","6","0","148","FALSE","148"
"google-analytics","200","0","7","0","228","FALSE","228"
"google-tag","200","0","9","0","107","FALSE","107"
"group","200","0","125","0","388","FALSE","388"
"image-effects","200","0","86","0","510","FALSE","510"
"image-widget-crop","200","0","23","0","124","FALSE","124"
"inline-entity-form","200","0","20","0","69","FALSE","69"
"jsonapi","200","0","23","0","24","FALSE","24"
"key","200","0","22","0","170","FALSE","170"
"kpi-analytics","200","0","1","0","24","FALSE","24"
"language-access","200","0","4","0","4","FALSE","4"
"layout-builder-restrictions","200","0","2","0","70","FALSE","70"
"lazy","200","0","2","0","125","FALSE","125"
"like-and-dislike","200","0","4","0","40","FALSE","40"
"link-css","200","0","1","0","11","FALSE","11"
"login-tracker","200","0","1","0","36","FALSE","36"
"mailsystem","200","0","14","0","46","FALSE","46"
"message","200","2","69","0","180","FALSE","180"
"metatag","200","0","54","0","992","FALSE","992"
"openapi","200","0","0","0","24","FALSE","24"
"openapi-ui","200","0","0","0","5","FALSE","5"
"openapi-ui-redoc","200","0","0","0","4","FALSE","4"
"override-node-options","200","0","3","0","23","FALSE","23"
"paragraphs","200","4","245","0","331","FALSE","331"
"pathauto","200","0","29","0","187","FALSE","187"
"poll","200","1","5","0","130","FALSE","130"
"private-message","200","0","48","0","245","FALSE","245"
"profile","200","0","39","0","114","FALSE","114"
"r4032login","200","0","15","0","60","FALSE","60"
"real-aes","200","0","2","0","9","FALSE","9"
"recaptcha","200","0","4","0","61","FALSE","61"
"redirect","200","0","39","0","201","FALSE","201"
"redis","200","0","0","0","31","FALSE","31"
"role-delegation","200","0","0","0","13","FALSE","13"
"schemata","200","0","2","0","13","FALSE","13"
"search-api","200","5","346","0","952","FALSE","952"
"search-api-exclude-entity","200","0","1","0","18","FALSE","18"
"search-api-location","200","0","1","0","76","FALSE","76"
"shariff","200","0","16","0","123","FALSE","123"
"simple-oauth","200","0","18","0","199","FALSE","199"
"simplesamlphp-auth","200","0","4","0","102","FALSE","102"
"social-api","200","0","1","0","18","FALSE","18"
"social-auth","200","0","2","0","77","FALSE","77"
"social-course","200","6","36","0","169","FALSE","169"
"social-geolocation","200","0","5","0","46","FALSE","46"
"social-json-api","200","0","1","0","16","FALSE","16"
"social-kpi-lite","200","0","3","0","16","FALSE","16"
"socialbase","200","4","153","0","189","FALSE","189"
"socialblue","200","6","80","0","142","FALSE","142"
"swiftmailer","200","0","14","0","111","FALSE","111"
"taxonomy-access-fix","200","0","0","0","5","FALSE","5"
"token","200","2","163","0","190","FALSE","190"
"update-helper","200","0","0","0","32","FALSE","32"
"url-embed","200","0","4","0","40","FALSE","40"
"views-bulk-operations","200","0","28","0","98","FALSE","98"
"views-infinite-scroll","200","0","3","0","21","FALSE","21"
"votingapi","200","0","44","0","173","FALSE","173"
"weight","200","0","4","0","17","FALSE","17"
"distribution","200","38","1064","0","3400","FALSE","3400"
"drupal-core","200","56","2633","0","3696","FALSE","3696"
"drupal-core","200","21","2728","0","3696","FALSE","3696"
"drupal-core","200","77","2706","0","3696","FALSE","3696"
"social-badge","200","0","1","0","27","FALSE","27"
"social-birthday","200","0","16","0","41","FALSE","41"
"social-captcha","200","0","1","0","3","FALSE","3"
"comment-permission","200","0","0","0","5","FALSE","5"
"social-disabler","200","0","1","0","10","FALSE","10"
"social-elasticsearch","200","0","1","0","3","FALSE","3"
"hubspot-analytics","200","0","4","0","20","FALSE","20"
"social-poll","200","0","9","0","13","FALSE","13"
"sticky-comment","200","0","1","0","14","FALSE","14"
"social-translation-manager","200","0","2","0","22","FALSE","22"
"gpch-core","200","0","0","0","10","FALSE","10"
"gpi-migrate","200","0","6","0","95","FALSE","95"
"gpi-orchestrator","200","0","0","0","16","FALSE","16"
"gpi-validation","200","0","0","0","7","FALSE","7"
"oauth2-client","200","0","1","0","48","FALSE","48"
"acquia-connector","200","0","0","0","247","FALSE","247"
"advancedqueue","200","0","2","0","121","FALSE","121"
"ajax-comments","200","0","1","0","18","FALSE","18"
"contact-storage","200","0","3","0","121","FALSE","121"
"encrypt","200","0","13","0","80","FALSE","80"
"facets","200","4","53","0","457","FALSE","457"
"geolocation","200","0","69","0","1436","FALSE","1436"
"gin","200","0","3","0","102","FALSE","102"
"gin-toolbar","200","0","1","0","9","FALSE","9"
"graphql","200","0","7","0","314","FALSE","314"
"jquery-ui","200","0","0","0","6","FALSE","6"
"jquery-ui-accordion","200","0","0","0","3","FALSE","3"
"jquery-ui-datepicker","200","0","0","0","3","FALSE","3"
"jquery-ui-slider","200","0","0","0","3","FALSE","3"
"jquery-ui-touch-punch","200","0","1","0","7","FALSE","7"
"lightning-api","200","0","2","0","38","FALSE","38"
"lightning-core","200","0","2","0","71","FALSE","71"
"message-notify","200","0","0","0","9","FALSE","9"
"migrate-plus","200","0","20","0","166","FALSE","166"
"migrate-source-csv","200","0","0","0","16","FALSE","16"
"migrate-tools","200","0","17","0","120","FALSE","120"
"openapi-jsonapi","200","0","0","0","35","FALSE","35"
"openapi-rest","200","0","0","0","12","FALSE","12"
"openapi-ui-swagger","200","0","0","0","4","FALSE","4"
"scheduler","200","0","4","0","260","FALSE","260"
"select2","200","0","0","0","38","FALSE","38"
"social-tour","200","0","0","0","43","FALSE","43"
"typed-data","200","0","0","0","51","FALSE","51"
"ultimate-cron","200","0","5","0","270","FALSE","270"
"variationcache","200","0","0","0","2","FALSE","2"
"video-embed-field","200","0","15","0","79","FALSE","79"
"webform","200","0","11","0","2915","FALSE","2915"
"webform","200","0","7","0","2915","FALSE","2915"
"social-avatar","200","0","0","0","26","FALSE","26"
"social-certificate","200","0","0","0","35","FALSE","35"
"gpfr-core","200","0","0","0","3","FALSE","3"
"gpde-core","200","0","0","0","3","FALSE","3"
"gpde-helper","200","0","0","0","3","FALSE","3"
"gpde-orchestrator","200","0","0","0","16","FALSE","16"
"gpde-sso-shop","200","0","0","0","24","FALSE","24"
"gpnl-core","200","0","0","0","12","FALSE","12"
"gpru-core","200","0","0","0","3","FALSE","3"
"gpsp-core","200","0","0","0","21","FALSE","21"
"gpde-local-group","200","0","0","0","8","FALSE","8"
"gpde-volunteer","200","0","0","0","23","FALSE","23"
"regio-twente","200","0","2","0","156","FALSE","156"
"saas","200","0","0","0","175","FALSE","175"
"glossary","200","0","0","0","1","FALSE","1"
"antibot","200","0","0","0","24","FALSE","24"
"ginvite","200","0","6","0","85","FALSE","85"
"oauth2-server","200","0","8","0","163","FALSE","163"
"sendgrid-integration","200","0","0","0","85","FALSE","85"
"social-admin","200","0","3","0","30","FALSE","30"
"social-newsletter","200","0","0","0","10","FALSE","10"
"social-dashboard","200","0","10","0","14","FALSE","14"
"social-automation","200","0","9","0","304","FALSE","304"
"social-spam-prevention","200","1","2","0","29","FALSE","29"
"social-webhooks","200","0","3","0","28","FALSE","28"
"social-resource-library","200","0","27","0","91","FALSE","91"
"social-migrate","200","0","9","0","45","FALSE","45"
"social-scheduler","200","0","0","0","24","FALSE","24"
"social-restrict-ip","200","0","0","0","13","FALSE","13"
"social-tfa","200","0","0","0","30","FALSE","30"
"social-node-statistics","200","0","0","0","28","FALSE","28"
"social-discussion","200","1","40","0","130","FALSE","130"
"social-gender","200","0","10","0","14","FALSE","14"
"social-paragraphs-user-roles","200","0","0","0","3","FALSE","3"
"social-saas-permissions","200","0","0","0","8","FALSE","8"
"social-collaboration","200","0","24","0","37","FALSE","37"
"social-signup-redirect","200","0","3","0","14","FALSE","14"
"social-o365","200","0","2","0","65","FALSE","65"
"social-course-scorm","200","0","8","0","73","FALSE","73"
"social-advanced-image","200","0","1","0","36","FALSE","36"
"social-resource-suggest","200","0","1","0","50","FALSE","50"
"social-encrypt","200","0","1","0","3","FALSE","3"
"social-profile-extra","200","0","0","0","34","FALSE","34"
"social-challenge","200","1","29","0","277","FALSE","277"
"social-saas-analytics","200","0","0","0","2","FALSE","2"
"social-wootric","200","0","0","0","9","FALSE","9"
"social-engagement","200","0","0","0","25","FALSE","25"
"social-saas-core","200","0","1","0","31","FALSE","31"
"social-app","200","0","5","0","38","FALSE","38"
"social-course-quiz","200","0","12","0","164","FALSE","164"
"social-cookie","200","2","1","0","24","FALSE","24"
"social-webform","200","0","0","0","15","FALSE","15"
"social-tag-moderation","200","0","0","0","12","FALSE","12"
"social-grouptab-management","200","0","5","0","10","FALSE","10"
"social-onboarding","200","1","10","0","27","FALSE","27"
"social-registration-fields","200","0","1","0","10","FALSE","10"
"social-comment-export","200","0","9","0","16","FALSE","16"
"social-search-solr","200","0","0","0","8","FALSE","8"
"social-related-content","200","0","0","0","17","FALSE","17"
"social-role-visibility","200","0","3","0","22","FALSE","22"
"social-gtranslate","200","0","0","0","21","FALSE","21"
"social-role-delegation","200","0","0","0","20","FALSE","20"
"social-group-staging","200","0","4","0","15","FALSE","15"
"social-comment-extra","200","0","4","0","12","FALSE","12"
"social-renamer","200","0","2","0","15","FALSE","15"
